<?xml version='1.0' encoding='UTF-8'?>
<widget xmlns="http://www.w3.org/ns/widgets" xmlns:intelxdk="http://xdk.intel.com/ns/v1" id="xdk.intel.ad.template" version="0.0.1">
<!--This file is generated by the Intel XDK. Do not edit this file as your edits will be lost.           -->
<!--To change the contents of this file, see the documentation on the intelxdk.config.additions.xml file.-->
<intelxdk:version value="1.0"/>
<intelxdk:cordova-cli version="5.1.1"/>
<name>FunSample</name>
<description>Template to develop a cross-platform mobile app using the App Designer UI editor.</description>
<author>Intel XDK</author>
<content src="index.html"/>
<access origin="http://debug-software.intel.com/*"/>
<access origin="https://debug-software.intel.com/*"/>
<access origin="http://en.wikipedia.org/*"/>
<access origin="http://www.yogajournal.com/*"/>
<intelxdk:plugin intelxdk:name="StatusBar" intelxdk:value="cordova-plugin-statusbar" intelxdk:version="1.0.0" intelxdk:checksum="b4e7aac6"/>
<intelxdk:plugin intelxdk:name="Device" intelxdk:value="cordova-plugin-device" intelxdk:version="1.0.1" intelxdk:checksum="adfc61ba"/>
<intelxdk:plugin intelxdk:name="Splashscreen" intelxdk:value="cordova-plugin-splashscreen" intelxdk:version="2.1.0" intelxdk:checksum="170efb68"/>
<intelxdk:plugin intelxdk:name="Geolocation" intelxdk:value="cordova-plugin-geolocation" intelxdk:version="1.0.1" intelxdk:checksum="2cb3083e" intelxdk:type="file"/>
<intelxdk:plugin intelxdk:name="File" intelxdk:value="cordova-plugin-file" intelxdk:version="2.1.0" intelxdk:checksum="a32414d6"/>
<intelxdk:plugin intelxdk:name="File Transfer" intelxdk:value="cordova-plugin-file-transfer" intelxdk:version="1.2.1" intelxdk:checksum="a9e2633"/>
<preference name="ios-target" value="6"/>
<preference name="ios-configuration" value="adhoc"/>
<!--creationInfo:{"src":"jsapp/sample-yoga/sample.zip","projectTypeName":"com.intel.xdk.projecttype.jsapp"}-->
<preference name="debuggable" value="false"/>
<platform name="ios">
    <!-- below requires the splash screen plugin -->
    <!-- docs: https://github.com/apache/cordova-plugin-splashscreen -->
    <preference name="AutoHideSplashScreen" value="true"/>
    <preference name="FadeSplashScreen" value="false"/>
    <preference name="FadeSplashScreenDuration" value="2"/>
    <preference name="ShowSplashScreenSpinner" value="false"/>

    <!-- below requires the status bar plugin -->
    <!-- docs: https://github.com/apache/cordova-plugin-statusbar -->
    <!-- see http://devgirl.org/2014/07/31/phonegap-developers-guid -->
    <preference name="StatusBarOverlaysWebView" value="false"/>
    <preference name="StatusBarBackgroundColor" value="#000000"/>
    <preference name="StatusBarStyle" value="lightcontent"/>
</platform>
<platform name="android">
    <!-- below requires the splash screen plugin -->
    <!-- docs: https://github.com/apache/cordova-plugin-splashscreen -->
    <preference name="SplashMaintainAspectRatio" value="false"/>
</platform>
<intelxdk:crosswalk xmlns:intelxdk="http://xdk.intel.com/ns/v1" xwalk-command-line="--disable-pull-to-refresh-effect"/>
<intelxdk:crosswalk xmlns:intelxdk="http://xdk.intel.com/ns/v1" xwalk-command-line="--ignore-gpu-blacklist"/></widget>